<?xml version="1.0" encoding="iso-8859-2"?>
<sales>
   <products><product id="p1">Packing Boxes</product>
             <product id="p2">Packing Tape</product>
    </products>
   <record><cust num="C1001">
             <prodsale idref="p1">100</prodsale>
             <prodsale idref="p2">200</prodsale></cust>
           <cust num="C1002">
              <prodsale idref="p1">50</prodsale>
              <prodsale idref="p2">50</prodsale></cust>
           <cust num="C1003">
              <prodsale idref="p1">75</prodsale>
              <prodsale idref="p2">15</prodsale></cust>
    </record>
</sales>