                <segment id="sg001">
                    <unit>
                        <trade>
                                <dane id="sg01_1111">
                        </trade>
                        <trade>
                                <dane id="sg01_2222">
                        </trade>
                    </unit>
                </segment>
                <segment id="sg002">
                    <unit>
                        <trade>
                            <dane id="sg02_2222">
                        </trade>
                        <trade>
                            <dane id="sg02_1111">
                        </trade>
                        <trade>
                            <dane id="sg02_3333">
                        </trade>
                    </unit>
                </segment>
